الوحدة	اسم الصنف
متر مربع	قشرة جوز تركى
متر	قشرة تيك ايطالى
عدد	مقبض مط اسود
عدد	مقبض صغير نحاس
عدد	مفصلة نحاس كبيرة
عدد	دراع باكم سوفت
عدد	صوابع تاتش
متر	لزق شريط 2 سم
متر	لفة شريط 10 متر
كيلو	صب اسود
كيلو	صب اكلريك
عدد	لوح اكلاريك ليزر
كيلو	شريط حبل 2سم طوبي ماجيك
كيلو	شريط حبل 2سم زيتي ماجيك
عدد	مصنعية تركيب حبل ماجيك
متر مربع	قشره ارو مسنن
عدد	تصنيع غرفة جاردن بيتش
عدد	مصنعية 22جنب رتان ماجيك
عدد	مصنعية عجل رتان عميل
عربية	نقل بضاعة
عدد	مقبض الومنيوم حرف يو
عدد	مقبض الومنيوم حرف ال
عدد	زاوية مقبض
عدد	مسمار بورمة ابيض 1.5
كيلو	مسمار بورمة ابيض 2سم
عدد	مسمار بورمة 8سم اصفر
عدد	مسمار بورمة 7 سم
عدد	مادة لزق سريع
عدد	لقمة صليبة
كرتونة	تنر الصاروخين
جالون	فيلر
لوح	الواح خشب مكسي وجه و وجه
زجاجة	زجاج 4 مللي ابيض + 6 مللي
عدد	دبوس هواء 3سم
علبة	دبوس هواء 5سم
عدد	دبوس هواء 4سم
عدد	طقم اقلام
عدد	تنجيد طقم قمر
طقم	تنجيد طقم ياقوت
عدد	تنجيد سرير ماستر
عدد	جلد سرير ماستر
عدد	جلد (ركنة+فوتيه)
عدد	سرير بولمان
عدد	كانبة اوت دور
عدد	تغيير قماش سفرة
عدد	ركنة+فوتيه
عدد	سرير جلد
عدد	تنجيد فوتيه
عدد	تنجيد بنكيت
عدد	تنجيد فوتية نيو نوبي
عدد	جلسة فايزة احمد
عدد	اوردر محمد ياسر
متر	Rito 10
متر	Rito 3
متر	Rito 1
متر	westin 21
علبة	تنر فرن كيلو
علبة	دوكو ابيض كابسي
جالون	بروثان فوليت جالون 4 كيلو
متر	سنفرة
زجاجة	زجاجة نفط
كيلو	اصفر جملي
كيلو	دوكو اسود كابسي
كيلو	دوكو اخضر لامع
كيلو	دوكو ابيض مط
عدد	بنطة افريز
عدد	مسمار شوكة دولاب
عدد	مفصله عقرب
عدد	مسمار بورمة ابيض 3سم
لوح	كونتر سندوتش الفرسان تخانة 18 ملى
لوح	فنلندي طويل 18مم
لوح	ام دى اف فيبر تخانة 18 مللى
لوح	ابلاكاش مربع فنلندى تخانة 12 ملى
لوح	ام دى اف فيبر تخانة 10 مللى
لوح	فنلندي مربع 18مم
لوح	ام دى اف فيبر تخانة 13 مللى
جالون	دوكو ابيض مط كابسي جالون
جالون	جالون ابيض مط 3.5 كيلو
كيلو	كرتون تغليف
لوح	ابلاكاش ارو تخانة 6 ملى
عدد	فلير المهندس
عدد	رتان طبيعي
عدد	صنفرة صدف اسكوتش
زجاجة	منشف
عدد	مسمار بورمة ابيض 4سم
عدد	مسمار بورمة ابيض 5سم
عدد	سنفرة دبابة بالواحدة
عدد	مقبض لاتش
لوح	ام دى اف فيبر تخانة 6 مللى
سم 3	خشب ارو تخانة 6سم
عدد	اعمالة تركيب كابينة دهانات
عدد	اعمال حدادة سقف فوق الكابينة
بكرة	لزق شفاف عريض(سوليتيب)
كيلو	زيت المفتاحين
كيلو	ورق جرائد
عدد	لقمة رباط مخمسة
عدد	طقم عجل فرامل
عدد	فيشر 8 مللي
علبة	دبوس حرف يو 10*10
عدد	مرايه ميتال مستطيله 180*80
عدد	مرايه ميتال قطر 80 سم
عدد	حرف تي حديد للكرسي
عدد	مقاولة تنجيد جاردن بيتش
عدد	تقطيع الواح ليزر
عدد	مسمار سنارة 5سم
علبة	كعب مسمار نحاس
مفصلة	مفصله ركبة كاملة باكم
مفصلة	مفصله نصف ركبة باكم
عدد	مجره سوفت كلوز مقاس 45 سم
طقم	مجره سوفت كلوز مقاس 35سم
عدد	مجرة 35 تاتش مرحلتين
عدد	مجره سوفت كلوز مقاس 30سم
عدد	مفصلة دراع صغير
عدد	مفصلة بيانو
عدد	عود الومنيوم بمقبض
عدد	عود الومنيوم بدون مقبض
عدد	عود بروفايل
متر	بكرة ليد 5 متر
سم 3	زجاج 8 مللي + 4 مللي
سم 3	خشب موسكى تخانة 2 بوصة
سم 3	خشب موسكى تخانة 7.5 سم
متر	قماش راستا 2
متر	ماسورة شماعة
عدد	فلانشة
امبوبة	سيلكون شفاف
سم 3	خشب موسكى تخانة 4.7 سم
دستة	مناشير رقم 2
عدد	مسمار 8 سم + وردة + صمولة
كيلو	مسمار بورمة اسود 1.5 سم
عدد	فوم ابواب
عدد	خرطوم مياة
متر	مجرة باب 6م
لوح	صاج لحوض الكابينة
عدد	لحام الحوض
عدد	حوض مياه 20م
عدد	مفصلة عقرب باكم
عدد	لزق شريط ابيض
غرفة	سي ان سي
عدد	ترابيزة
عدد	فوتية
عدد	دبوس هواء 2سم
عدد	مسمار سنارة 2سم
كيلو	مسمار سنارة 3سم
عدد	مسمار سنارة 4سم
بكرة	لزق دوكو عريض
بكرة	لزق دوكو رفيع
كيلو	زنك معجون
عدد	تنجيد كنبة سرير
عدد	تنجيد سرير صغير
عدد	تنجيد سرير كبير
عدد	قاعدة بف
عدد	تنجيد كنبة شمس
عدد	كرسي شمس
عدد	ركنة نيو كيرفي
عدد	اضافة كوشن
عدد	سرير ريهات
متر	قماش
عربية	نقل سرير
عدد	قاعدة سفرة
بالواحدة	تنجيد ظهر سرير
عدد	تنجيد كنبة كبيرة +2 فوتية
متر	كنبة 2.30م
متر	فوتية 0.8 م
لوح	ام دي اف تركي عريض 6 مم
لوح	ام دي اف اندونيسي شبح 17مم
عدد	بنط لوتر 17 مللي
متر	سنفرة 80
لوح	ام دي اف شبح 11مم
جالون	دوكو كابسي اسود
جالون	دوكو اصفر جملي
جالون	دوكو احمر
شكارة	سبداج هبو شكارة
متر	سنفرة 150*180
متر	سفرة 320+220
عدد	باغة معجون بلاستيك
عدد	فرغ سنفرة دوكو 400
عدد	مصفه
كيلو	معجون استوك 3 كيلو
شكارة	زنك البدر
عدد	سنفرة صاروخ
كيلو	ك قطن
متر	فوم 3 مللي
لوح	ام دي اف فيبر 2.3مم
عدد	مقاولة حوض وستارة ودهان
عدد	مقاولة تندة+اكرمية 1500
عدد	لوح اكلارك اخصر
لوح	ابلاكاش ث مربع فلندى تخانة 3 ملى
علبة	مسمار بورمة ابيض 2.5 سم
علبة	دبوس هواء 2.5 سم
عدد	عود مجري
طقم	صولب استلس
كيلو	غراء حمص
عدد	كالون
عدد	طرمبة باب 8 سم
عدد	بنط حدادي 10 سم
كيلو	عود الومنيوم بالكيلو
عدد	دبوس هواء 1.5 سم
عدد	بنط 5 مللي
عدد	بنط 6 مللي
عدد	طرمبة باب 7 سم
عدد	وش مفتاح
عدد	خرط كورة صغيرة
عدد	اصفر اكسيد
عدد	طقم عجل جرار صغير
كيلو	عينة دوكو
شكارة	سيكارة زنك 25 كيلو
عدد	صفائخ منشار
عدد	بنط لوتر 12 مللي
عدد	فرش دبابة
علبة	مسمار بورمة اصفر 3.5 سم
عدد	سنفرة دوكو 3000
طقم	مجري سفلي مرحلة سوفت 40سم
طقم	مجري سفلي مرحله سوفت 45سم
طقم	مجري سفلي مرحلتين سوفت 35سم
عدد	مفصلة ركبة عادة بلوم
عدد	باكم مفصلة ركبة بلوم
عدد	رخام بوركيني
جالون	غراء ابيض اس اتش
جالون	مط زيرو جالون 3 كيلو
بستلة	SWR غراء ابيض20 كيلو
جالون	غراء بولوبوند بطئ
جالون	غراء بولوبوند سريع
لوح	ام دي اف فيبر عريض 17مم
عدد	رش دلفة الوميتال
عدد	مسمار ابيض 7سم
كيلو	قصاقيص قماش
بالواحدة	فرخ صنفرة دوكو 600
عدد	ارج
عدد	جالون سيرفيسر
كيلو	تنر فرن للسيرفيسر
طقم	طقم عجل جرار
عدد	قضيب جرار
عدد	كعب جوخ
عدد	بنطة غسيل
عدد	مسمار بورمة اصفر 8 سم
سم 3	خشب موسكى تخانة 1 بوصة
كيلو	ستريتش
سم 3	خشب زان تخانة 1 بوصة
كيلو	دوكو اصفر كناري
كيس	قطن
كيلو	معجون دوكو
بالواحدة	صنفرة انواع
عدد	سنفرة دوكو
فرشة	فرشة سلك
شكارة	معجون اكلاريك
عدد	سنفرة صدف
عدد	مقبض غرفة 18مم
عدد	مقبض غرفة 6مم
كيلو	جليز
عدد	رخامة مشروع صن رايز
عدد	سنفرة دوكو سفنج
بالواحدة	فرشة 2 بوصة
عدد	عود المونيوم 1سم *1سم
عدد	بودرة تلج
كيلو	ورق تغليف
متر	قماش تاور 11
متر	قماش توكس
سم 3	خشب زان 5سم
كيلو	مسمار شيشه 3سم
كيلو	صب ابيض
عدد	هشة صدف
عدد	قلم دوكو اسود
عدد	طرمبة باب سودة
كيلو	مسمار 8 سم اسود
عدد	تكاية بلاستيك
عدد	قرصة تسريحة 8 مم جاردن
عدد	قرصة تي في يونت جاردن
عدد	قرصة كومود جاردن
عدد	قرصة دوران جاردن
عدد	دلفة زجاج 5 مم سكريت جاردن
عدد	شفاط زجاج
عدد	بصمة بلاستيك
عدد	بلدج ملمع
عدد	عجل 5 سم
عدد	رجل استنلس 7سم
لوح	ام دى اف فيبر تخانة 8 مللى
عدد	عجلة دوران
عدد	الوان مياة كابسي
لوح	ابلكاش فنلندي مربع 15مم
عدد	شناطة+خامات التاسيس
عدد	تسريحة +خامات التاسيس
عدد	كومود+شامل خامات التاسيس
سم 3	خشب ارو تخانة 8سم
عدد	بنط لوتر 18 مللي
عدد	بنط لوتر لفة كبيرة
عدد	بنط لوتر 4 مللي
كيلو	دوكو شفاف
عدد	مسمار بورمة اصفر 10 سم
علبة	مسمار حرف ال 6مم
علبة	خابور 6 مم
عدد	سيلكون عضم
جالون	سبرتو
كيلو	حصي جوز
كيلو	تفتة صفرا
كيلو	اخضر كابسي
متر	زجاج 6ملي فاميه
جالون	سيلر ميدو جالون
كيلو	صبغة 06 كابسي
كيلو	قش موز
بالواحدة	الوان سكيب
عدد	صنفرة تلميع المونيوم
عدد	مراية 4 مللي
متر	قشرة اتومية
عدد	بنط 10 مللي
سم 3	خشب زان تخانة 2 بوصة
عدد	بنطة لوتر 3 مللي
لفة	جلد للباب
عدد	صباع اوكرة
عدد	سنفرة 6000+1000
علبة	بليدج
عدد	بنط 8 مللي
كيلو	سلك نحاس 2 مللي
عدد	قطع نحاس
عدد	اكلارك ابيض
عدد	اكلارك الوان
عدد	لوح طبخ ابيض
عدد	بنطة 1.5 مللي
كيلو	مسمار اسود بورمة
كيلو	سيلر
كيلو	اصفر لموني
عدد	كعب بلاستيك
عدد	فرشة تلميع
عدد	بنط لوتر10
عدد	خرط رجول كبير
عدد	خرط رجول صغيرة
متر	7قماش kenzo
متر	قماش kenzo 18
عدد	بنطة جي
عدد	بسكوتة صاروخ
جالون	ايرلاك جالون 3 كيلو
علبة	دبوس هواء صلب 3سم
عدد	كلبس دولاب شفاف
علبة	زاوية حديد 3*3
